1763952869844,1,1,0.036847991
1763952869952,1,1,0.005399103
1763952869959,1,1,0.003176845
1763952869962,1,1,0.002922558
1763952869966,1,1,0.003290952
1763952869970,1,1,0.002967297
1763952869974,1,1,0.003318392
1763952869977,1,1,0.00294801
1763952869981,1,1,0.002756609
1763952869984,1,1,0.002846059
1763952869988,1,1,0.003309827
1763952869992,1,1,0.003049699
1763952869996,1,1,0.003394416
1763952870000,1,1,0.003033404
1763952870003,1,1,0.002782373
1763952870007,1,1,0.002859973
1763952870010,1,1,0.002776026
1763952870014,1,1,0.002780731
1763952870017,1,1,0.003071392
1763952870021,1,1,0.002855464
1763952870024,1,1,0.002911615
1763952870027,1,1,0.00275719
1763952870031,1,1,0.003225506
1763952870035,1,1,0.002852141
1763952870038,1,1,0.002722069
1763952870041,1,1,0.002722059
1763952870045,1,1,0.002737993
1763952870048,1,1,0.002791033
1763952870051,1,1,0.003770854
1763952870056,1,1,0.002803288
1763952870059,1,1,0.003023524
1763952870062,1,1,0.002955641
1763952870066,1,1,0.002858203
1763952870069,1,1,0.003173991
1763952870073,1,1,0.002915999
1763952870076,1,1,0.002718703
1763952870080,1,1,0.004225342
1763952870084,1,1,0.002770068
1763952870088,1,1,0.002680974
1763952870091,1,1,0.00264196
1763952870094,1,1,0.002684366
1763952870097,1,1,0.003116454
1763952870101,1,1,0.004343888
1763952870106,1,1,0.004493632
1763952870111,1,1,0.002670164
1763952870115,1,1,0.003204523
1763952870119,1,1,0.002658285
1763952870122,1,1,0.002657826
1763952870125,1,1,0.002802369
1763952870129,1,1,0.002718193
1763952870133,2,1,0.004186207
1763952870137,2,1,0.005901513
1763952870145,2,1,0.003542422
1763952870150,2,1,0.003458347
1763952870154,2,1,0.003469946
1763952870158,2,1,0.003652042
1763952870162,2,1,0.003507382
1763952870166,2,1,0.003539287
1763952870170,2,1,0.003438471
1763952870175,2,1,0.003534668
1763952870179,2,1,0.005118053
1763952870184,2,1,0.003942506
1763952870189,2,1,0.003934494
1763952870193,2,1,0.004317071
1763952870198,2,1,0.004089263
1763952870203,2,1,0.003360335
1763952870207,2,1,0.003411679
1763952870210,2,1,0.003357925
1763952870214,2,1,0.003336207
1763952870219,2,1,0.003427792
1763952870223,2,1,0.003465081
1763952870226,2,1,0.00339624
1763952870230,2,1,0.003395034
1763952870234,2,1,0.003525561
1763952870238,2,1,0.003370735
1763952870242,2,1,0.003431835
1763952870246,2,1,0.006222868
1763952870252,2,1,0.00370059
1763952870257,2,1,0.003492115
1763952870261,2,1,0.003451106
1763952870265,2,1,0.005302675
1763952870271,2,1,0.003638585
1763952870275,2,1,0.003349441
1763952870281,2,1,0.00428609
1763952870286,2,1,0.003764376
1763952870290,2,1,0.00413764
1763952870296,2,1,0.00471788
1763952870302,2,1,0.003845645
1763952870307,2,1,0.003427957
1763952870310,2,1,0.004419824
1763952870315,2,1,0.00336534
1763952870320,2,1,0.003399004
1763952870323,2,1,0.003909507
1763952870328,2,1,0.003412934
1763952870332,2,1,0.003802331
1763952870337,2,1,0.003975674
1763952870342,2,1,0.006968156
1763952870349,2,1,0.003417002
1763952870353,2,1,0.003396088
1763952870357,2,1,0.003403081
1763952870361,3,1,0.003731593
1763952870365,3,1,0.003427522
1763952870369,3,1,0.003448086
1763952870373,3,1,0.003913729
1763952870377,3,1,0.003425221
1763952870381,3,1,0.003415924
1763952870385,3,1,0.003445764
1763952870389,3,1,0.00346571
1763952870393,3,1,0.003433669
1763952870397,3,1,0.003428494
1763952870401,3,1,0.00449634
1763952870406,3,1,0.003608751
1763952870410,3,1,0.0037547
1763952870414,3,1,0.003638329
1763952870419,3,1,0.00346681
1763952870423,3,1,0.003731681
1763952870429,3,1,0.00422031
1763952870434,3,1,0.003446199
1763952870438,3,1,0.003461884
1763952870443,3,1,0.003592532
1763952870447,3,1,0.003510696
1763952870454,3,1,0.003699004
1763952870458,3,1,0.003466317
1763952870462,3,1,0.003638357
1763952870467,3,1,0.003747198
1763952870472,3,1,0.007031373
1763952870480,3,1,0.004382558
1763952870486,3,1,0.007010255
1763952870495,3,1,0.003707535
1763952870500,3,1,0.003432484
1763952870504,3,1,0.003433806
1763952870508,3,1,0.003438681
1763952870512,3,1,0.003471483
1763952870516,3,1,0.003465123
1763952870520,3,1,0.004534517
1763952870524,3,1,0.003424759
1763952870528,3,1,0.003716399
1763952870532,3,1,0.00343233
1763952870536,3,1,0.003415991
1763952870541,3,1,0.003708671
1763952870545,3,1,0.003408671
1763952870549,3,1,0.003400146
1763952870552,3,1,0.003443713
1763952870556,3,1,0.003402395
1763952870560,3,1,0.003704277
1763952870564,3,1,0.003443372
1763952870568,3,1,0.003378073
1763952870573,3,1,0.003508214
1763952870577,3,1,0.003374616
1763952870581,3,1,0.003377826
1763952870585,4,1,0.201023827
1763952870787,4,1,0.193998079
1763952870983,4,1,0.1948016
1763952871178,4,1,0.193556596
1763952871374,4,1,0.198356904
1763952871573,4,1,0.190263723
1763952871765,4,1,0.188484223
1763952871954,4,1,0.226733983
1763952872181,4,1,0.20405262
1763952872386,4,1,0.203296799
1763952872590,4,1,0.193568809
1763952872787,4,1,0.174753581
1763952872963,4,1,0.161769066
1763952873127,4,1,0.280286298
1763952873408,4,1,0.235396799
1763952873645,4,1,0.173635006
1763952873819,4,1,0.17931568
1763952873999,4,1,0.173788048
1763952874174,4,1,0.267413396
1763952874442,4,1,0.2138475
1763952874658,4,1,0.212046173
1763952874871,4,1,0.205178327
1763952875077,4,1,0.209264383
1763952875288,4,1,0.201456179
1763952875490,4,1,0.202593237
1763952875693,4,1,0.198475225
1763952875893,4,1,0.198830687
1763952876092,4,1,0.206332209
1763952876300,4,1,0.210676531
1763952876511,4,1,0.202726316
1763952876715,4,1,0.210026069
1763952876927,4,1,0.209045383
1763952877137,4,1,0.210743777
1763952877349,4,1,0.210505111
1763952877561,4,1,0.210139807
1763952877772,4,1,0.21998064
1763952877992,4,1,0.231551321
1763952878225,4,1,0.226263608
1763952878452,4,1,0.206272506
1763952878660,4,1,0.215469174
1763952878877,4,1,0.22235431
1763952879100,4,1,0.229390676
1763952879333,4,1,0.253658926
1763952879588,4,1,0.236070653
1763952879826,4,1,0.230435999
1763952880057,4,1,0.243838684
1763952880302,4,1,0.229587792
1763952880534,4,1,0.246718877
1763952880782,4,1,0.247153235
1763952881030,4,1,0.21355013
1763952881244,5,1,0.00796914
1763952881253,5,1,0.006762587
1763952881260,5,1,0.006405241
1763952881267,5,1,0.006551499
1763952881274,5,1,0.006708928
1763952881281,5,1,0.006411233
1763952881288,5,1,0.00651285
1763952881294,5,1,0.0064894
1763952881301,5,1,0.006316275
1763952881308,5,1,0.006421389
1763952881315,5,1,0.006413504
1763952881322,5,1,0.007576173
1763952881330,5,1,0.009143702
1763952881340,5,1,0.007472008
1763952881348,5,1,0.006445587
1763952881355,5,1,0.006506769
1763952881362,5,1,0.006673155
1763952881369,5,1,0.00638367
1763952881377,5,1,0.006388935
1763952881383,5,1,0.006318528
1763952881390,5,1,0.010667727
1763952881401,5,1,0.007456534
1763952881411,5,1,0.006368413
1763952881418,5,1,0.006316329
1763952881425,5,1,0.006400834
1763952881432,5,1,0.006321051
1763952881439,5,1,0.006477197
1763952881446,5,1,0.008578547
1763952881455,5,1,0.006417097
1763952881462,5,1,0.006377537
1763952881469,5,1,0.006330505
1763952881476,5,1,0.006442715
1763952881485,5,1,0.006441809
1763952881492,5,1,0.006532884
1763952881499,5,1,0.006778289
1763952881507,5,1,0.008190466
1763952881516,5,1,0.00676756
1763952881523,5,1,0.006498522
1763952881531,5,1,0.006728967
1763952881538,5,1,0.007603939
1763952881547,5,1,0.006445715
1763952881554,5,1,0.006682424
1763952881561,5,1,0.006434336
1763952881568,5,1,0.007107256
1763952881577,5,1,0.007343454
1763952881585,5,1,0.006455007
1763952881592,5,1,0.006847517
1763952881601,5,1,0.007755005
1763952881610,5,1,0.006692373
1763952881617,5,1,0.006965296
1763952881625,6,1,0.024579507
1763952881651,6,1,0.01482712
1763952881667,6,1,0.013971891
1763952881682,6,1,0.015458704
1763952881699,6,1,0.014964354
1763952881715,6,1,0.018081093
1763952881735,6,1,0.018748686
1763952881754,6,1,0.013464064
1763952881768,6,1,0.013207057
1763952881782,6,1,0.014033834
1763952881796,6,1,0.013053036
1763952881810,6,1,0.01293648
1763952881823,6,1,0.01274234
1763952881836,6,1,0.012832965
1763952881851,6,1,0.012836622
1763952881865,6,1,0.013210769
1763952881878,6,1,0.013017121
1763952881892,6,1,0.015226207
1763952881907,6,1,0.013910024
1763952881922,6,1,0.013582652
1763952881936,6,1,0.01325399
1763952881950,6,1,0.014048103
1763952881964,6,1,0.012941487
1763952881978,6,1,0.012810814
1763952881991,6,1,0.013091674
1763952882004,6,1,0.013113821
1763952882018,6,1,0.012777293
1763952882031,6,1,0.012936968
1763952882045,6,1,0.012990211
1763952882058,6,1,0.013489363
1763952882072,6,1,0.0172964
1763952882093,6,1,0.017444696
1763952882111,6,1,0.025723199
1763952882137,6,1,0.026861796
1763952882165,6,1,0.015253567
1763952882181,6,1,0.01358011
1763952882195,6,1,0.013326262
1763952882209,6,1,0.013845618
1763952882224,6,1,0.013088404
1763952882237,6,1,0.013318904
1763952882251,6,1,0.012845776
1763952882264,6,1,0.012861106
1763952882278,6,1,0.01392086
1763952882292,6,1,0.01316673
1763952882305,6,1,0.01282771
1763952882319,6,1,0.013286923
1763952882333,6,1,0.014819641
1763952882348,6,1,0.013208514
1763952882362,6,1,0.013300971
1763952882375,6,1,0.017602801
1763952882488,1,5,0.0107588662
1763952882570,1,5,0.0126214898
1763952882586,1,5,0.0123565334
1763952882601,1,5,0.0128955442
1763952882618,1,5,0.011315414800000001
1763952882632,1,5,0.0112157714
1763952882647,1,5,0.011252697800000001
1763952882660,1,5,0.0116381436
1763952882675,1,5,0.011216252199999999
1763952882689,1,5,0.0115042436
1763952882704,1,5,0.011164979
1763952882718,1,5,0.0116814628
1763952882733,1,5,0.0116482324
1763952882747,1,5,0.0113145144
1763952882762,1,5,0.0117039902
1763952882776,1,5,0.012250861
1763952882791,1,5,0.0196291456
1763952882813,1,5,0.0119958446
1763952882828,1,5,0.0115610796
1763952882843,1,5,0.011880351400000001
1763952882857,1,5,0.0120723256
1763952882871,1,5,0.0152074342
1763952882889,1,5,0.011414013
1763952882903,1,5,0.0123465982
1763952882917,1,5,0.0112869542
1763952882931,1,5,0.011988721
1763952882946,1,5,0.010750165
1763952882960,1,5,0.0112984924
1763952882973,1,5,0.0121505534
1763952882987,1,5,0.011056930599999999
1763952883003,1,5,0.0118810862
1763952883016,1,5,0.0108975642
1763952883030,1,5,0.011544668199999998
1763952883045,1,5,0.0116388858
1763952883060,1,5,0.012943004199999998
1763952883074,1,5,0.0111646452
1763952883089,1,5,0.013441067400000001
1763952883104,1,5,0.011925096
1763952883119,1,5,0.0126079186
1763952883134,1,5,0.0110269494
1763952883147,1,5,0.0111238192
1763952883161,1,5,0.014253789400000001
1763952883177,1,5,0.0190675818
1763952883198,1,5,0.012180383800000001
1763952883214,1,5,0.0118135482
1763952883227,1,5,0.010658155800000001
1763952883241,1,5,0.0118004616
1763952883255,1,5,0.0129138744
1763952883269,1,5,0.0103804052
1763952883282,1,5,0.0103978376
1763952883296,2,5,0.015728093
1763952883314,2,5,0.0149236438
1763952883331,2,5,0.0155839878
1763952883349,2,5,0.0162807594
1763952883368,2,5,0.0169011684
1763952883387,2,5,0.0165168222
1763952883406,2,5,0.0163036544
1763952883425,2,5,0.015388062800000001
1763952883442,2,5,0.0148663404
1763952883459,2,5,0.0145867374
1763952883476,2,5,0.0151116704
1763952883493,2,5,0.0156555322
1763952883511,2,5,0.015249733599999999
1763952883528,2,5,0.0153546372
1763952883546,2,5,0.0150095338
1763952883564,2,5,0.015276775800000001
1763952883581,2,5,0.0158317782
1763952883600,2,5,0.0241235504
1763952883626,2,5,0.0190556354
1763952883648,2,5,0.015546804800000001
1763952883665,2,5,0.015379284
1763952883683,2,5,0.0151889698
1763952883700,2,5,0.0145280546
1763952883717,2,5,0.014353903
1763952883734,2,5,0.0145563164
1763952883752,2,5,0.0160944542
1763952883770,2,5,0.015105014
1763952883788,2,5,0.0150943686
1763952883806,2,5,0.0159728118
1763952883823,2,5,0.016323525800000002
1763952883843,2,5,0.0157544184
1763952883861,2,5,0.015293332
1763952883878,2,5,0.015063723
1763952883895,2,5,0.014890567
1763952883912,2,5,0.013979418
1763952883929,2,5,0.0150537986
1763952883946,2,5,0.015486914199999998
1763952883963,2,5,0.0157511642
1763952883981,2,5,0.0179013614
1763952884001,2,5,0.0153430938
1763952884018,2,5,0.0148889968
1763952884035,2,5,0.0185813106
1763952884055,2,5,0.0154030864
1763952884072,2,5,0.021631829
1763952884097,2,5,0.0158310592
1763952884114,2,5,0.0158740424
1763952884131,2,5,0.013893477599999999
1763952884148,2,5,0.0147593476
1763952884165,2,5,0.014818754
1763952884182,2,5,0.014541331
1763952884200,3,5,0.014900759
1763952884217,3,5,0.015451378
1763952884235,3,5,0.015843322
1763952884254,3,5,0.0153751578
1763952884272,3,5,0.0152150034
1763952884289,3,5,0.0156885922
1763952884307,3,5,0.0162561528
1763952884325,3,5,0.0162880936
1763952884343,3,5,0.0155445216
1763952884361,3,5,0.015803932
1763952884378,3,5,0.0159081238
1763952884395,3,5,0.015485283800000001
1763952884413,3,5,0.015972435400000002
1763952884430,3,5,0.0149755284
1763952884448,3,5,0.016684923
1763952884467,3,5,0.0148613712
1763952884484,3,5,0.0152494884
1763952884502,3,5,0.0154449472
1763952884519,3,5,0.014757756
1763952884537,3,5,0.015090531
1763952884554,3,5,0.0149993368
1763952884572,3,5,0.0171924648
1763952884591,3,5,0.014984329800000001
1763952884609,3,5,0.0157089214
1763952884627,3,5,0.014731134199999999
1763952884644,3,5,0.015680299800000002
1763952884661,3,5,0.0152610756
1763952884680,3,5,0.014967442199999998
1763952884697,3,5,0.0154761494
1763952884715,3,5,0.0192681736
1763952884735,3,5,0.0151907176
1763952884752,3,5,0.0149927206
1763952884770,3,5,0.0158167308
1763952884787,3,5,0.0154849602
1763952884804,3,5,0.0160174888
1763952884821,3,5,0.015230328199999999
1763952884839,3,5,0.0158888504
1763952884856,3,5,0.0156170028
1763952884874,3,5,0.015564096199999999
1763952884891,3,5,0.0147731306
1763952884909,3,5,0.015445160199999999
1763952884926,3,5,0.0157209264
1763952884943,3,5,0.0154097734
1763952884960,3,5,0.0156467686
1763952884977,3,5,0.015648001800000002
1763952884994,3,5,0.0157723038
1763952885012,3,5,0.0154801984
1763952885029,3,5,0.016059859
1763952885047,3,5,0.0165711744
1763952885066,3,5,0.0169993494
1763952885084,4,5,1.4746128314
1763952886572,4,5,1.3119585108
1763952887903,4,5,1.329513799
1763952889244,4,5,2.2594144998
1763952891536,4,5,2.4567980676
1763952893998,4,5,1.5071498427999999
1763952895516,4,5,1.4295696758
1763952896959,4,5,1.408203194
1763952898382,4,5,1.4235790742
1763952899817,4,5,1.4623546024
1763952901289,4,5,1.428278234
1763952902729,4,5,1.4401189454
1763952904187,4,5,1.4392526082000001
1763952905639,4,5,1.4406461017999999
1763952907087,4,5,1.4453612664000002
1763952908548,4,5,1.4621178304
1763952910021,4,5,1.4608341346
1763952911494,4,5,1.4769560604
1763952912976,4,5,1.4857609824
1763952914471,4,5,1.4799895615999998
1763952915962,4,5,1.4782539916
1763952917451,4,5,1.4215315932
1763952918888,4,5,1.406934373
1763952920307,4,5,1.891979409
1763952922225,4,5,1.784068563
1763952924015,4,5,1.5146074738
1763952925537,4,5,1.5164415502000002
1763952927070,4,5,1.5405069882
1763952928622,4,5,1.5526746914
1763952930182,4,5,1.4669610326
1763952931661,4,5,1.5516093742000001
1763952933223,4,5,1.4415122012000001
1763952934670,4,5,1.325625484
1763952936009,4,5,3.0013696428000003
1763952939016,4,5,1.4025697454000001
1763952940426,4,5,1.425045468
1763952941860,4,5,1.429597606
1763952943297,4,5,1.3323069482
1763952944636,4,5,1.344223887
1763952945992,4,5,1.0272685804
1763952947056,4,5,0.6775780224
1763952947752,4,5,0.5887070496
1763952948356,4,5,0.5951820308
1763952948966,4,5,0.6087255574
1763952949581,4,5,0.6000661763999999
1763952950190,4,5,0.6138237656000001
1763952950812,4,5,0.6102302942000001
1763952951429,4,5,0.5827735732
1763952952022,4,5,0.5919841473999999
1763952952622,4,5,0.5972946003999999
1763952953233,5,5,0.0320675556
1763952953269,5,5,0.0276117842
1763952953303,5,5,0.032444785
1763952953338,5,5,0.0309208888
1763952953373,5,5,0.0278563336
1763952953408,5,5,0.0315428686
1763952953443,5,5,0.0311701196
1763952953478,5,5,0.0307968832
1763952953512,5,5,0.032239136
1763952953547,5,5,0.0289155654
1763952953580,5,5,0.0302343232
1763952953613,5,5,0.02974049
1763952953646,5,5,0.0316006668
1763952953680,5,5,0.0299578876
1763952953713,5,5,0.0318350852
1763952953748,5,5,0.0411675876
1763952953791,5,5,0.0380359054
1763952953832,5,5,0.034104998
1763952953869,5,5,0.030811785
1763952953903,5,5,0.0285757824
1763952953937,5,5,0.029620992399999997
1763952953970,5,5,0.0291285372
1763952954005,5,5,0.030543202199999998
1763952954039,5,5,0.031260869600000005
1763952954072,5,5,0.0315089896
1763952954106,5,5,0.0312595738
1763952954141,5,5,0.0362160098
1763952954179,5,5,0.029926802199999998
1763952954213,5,5,0.0299923712
1763952954246,5,5,0.0269647646
1763952954280,5,5,0.0270981632
1763952954315,5,5,0.0317575326
1763952954351,5,5,0.0317203376
1763952954385,5,5,0.0304993858
1763952954418,5,5,0.030594958600000003
1763952954451,5,5,0.030699513
1763952954485,5,5,0.0325548276
1763952954519,5,5,0.030601121
1763952954552,5,5,0.0293431254
1763952954586,5,5,0.0286315918
1763952954620,5,5,0.030176091800000002
1763952954653,5,5,0.031840146
1763952954686,5,5,0.028810261
1763952954720,5,5,0.0315334876
1763952954754,5,5,0.032088651
1763952954792,5,5,0.031976819600000005
1763952954826,5,5,0.0320011998
1763952954861,5,5,0.0320261572
1763952954895,5,5,0.0316240982
1763952954929,5,5,0.031795185600000005
1763952954963,6,5,0.0658786848
1763952955030,6,5,0.0640573592
1763952955097,6,5,0.0638994104
1763952955162,6,5,0.0646517504
1763952955229,6,5,0.0632757094
1763952955294,6,5,0.06408621
1763952955360,6,5,0.06492227639999999
1763952955427,6,5,0.0639138132
1763952955493,6,5,0.0641103914
1763952955558,6,5,0.0641921934
1763952955624,6,5,0.0657570966
1763952955695,6,5,0.0786710866
1763952955776,6,5,0.0761972124
1763952955854,6,5,0.0636609294
1763952955919,6,5,0.063635685
1763952955984,6,5,0.06444847220000001
1763952956050,6,5,0.063906973
1763952956117,6,5,0.0650985926
1763952956185,6,5,0.0659125648
1763952956253,6,5,0.0632382738
1763952956317,6,5,0.066291162
1763952956385,6,5,0.064679181
1763952956452,6,5,0.062902116
1763952956516,6,5,0.0637044754
1763952956582,6,5,0.065321146
1763952956650,6,5,0.063994034
1763952956716,6,5,0.063527736
1763952956781,6,5,0.0670229564
1763952956853,6,5,0.063577415
1763952956918,6,5,0.0646274142
1763952956985,6,5,0.0656049718
1763952957052,6,5,0.0629390822
1763952957117,6,5,0.0633829106
1763952957182,6,5,0.063363004
1763952957247,6,5,0.0641826232
1763952957313,6,5,0.0630532998
1763952957378,6,5,0.06348987639999999
1763952957443,6,5,0.06423134
1763952957509,6,5,0.06328821
1763952957574,6,5,0.0645799474
1763952957641,6,5,0.0651818346
1763952957708,6,5,0.0644401446
1763952957774,6,5,0.063924034
1763952957840,6,5,0.0656648784
1763952957907,6,5,0.0649731496
1763952957974,6,5,0.0656054688
1763952958041,6,5,0.0652116124
1763952958108,6,5,0.0670516826
1763952958177,6,5,0.0705157644
1763952958249,6,5,0.0664680102
1763952958420,1,10,0.016534703300000002
1763952958506,1,10,0.0220222179
1763952958537,1,10,0.024608808399999998
1763952958565,1,10,0.025229660100000002
1763952958596,1,10,0.0210952421
1763952958623,1,10,0.0239296781
1763952958653,1,10,0.023274821600000002
1763952958683,1,10,0.0248596237
1763952958714,1,10,0.0247618589
1763952958743,1,10,0.0233341746
1763952958772,1,10,0.023228449800000002
1763952958799,1,10,0.0224483488
1763952958827,1,10,0.0226038091
1763952958855,1,10,0.023640480399999997
1763952958883,1,10,0.023516181
1763952958911,1,10,0.023705994600000002
1763952958941,1,10,0.022741038
1763952958968,1,10,0.0224935819
1763952959001,1,10,0.023029202600000003
1763952959028,1,10,0.0228885442
1763952959056,1,10,0.0234632946
1763952959084,1,10,0.023184161800000002
1763952959112,1,10,0.024237597899999998
1763952959142,1,10,0.0227416524
1763952959169,1,10,0.0239924611
1763952959197,1,10,0.0225652258
1763952959224,1,10,0.022640183
1763952959252,1,10,0.022949822
1763952959279,1,10,0.0238080853
1763952959307,1,10,0.023079542800000002
1763952959335,1,10,0.024528125100000003
1763952959363,1,10,0.0230802342
1763952959390,1,10,0.0230996292
1763952959418,1,10,0.0230627822
1763952959445,1,10,0.022975295899999998
1763952959473,1,10,0.0279056276
1763952959504,1,10,0.0234344145
1763952959532,1,10,0.0244348391
1763952959561,1,10,0.023219257
1763952959588,1,10,0.0233085917
1763952959615,1,10,0.0227365705
1763952959642,1,10,0.0230974081
1763952959671,1,10,0.023613594300000002
1763952959697,1,10,0.0233574719
1763952959725,1,10,0.0234943668
1763952959752,1,10,0.0244746714
1763952959779,1,10,0.0223785759
1763952959806,1,10,0.0240592398
1763952959834,1,10,0.0230766638
1763952959861,1,10,0.0227716575
1763952959888,2,10,0.0297144448
1763952959923,2,10,0.0296562269
1763952959958,2,10,0.030676634600000002
1763952959994,2,10,0.0310892934
1763952960030,2,10,0.033843438200000006
1763952960068,2,10,0.0296673365
1763952960102,2,10,0.0313006278
1763952960137,2,10,0.031002870600000003
1763952960173,2,10,0.0300305599
1763952960208,2,10,0.0304056051
1763952960243,2,10,0.0299711139
1763952960278,2,10,0.0314015789
1763952960314,2,10,0.0313403567
1763952960350,2,10,0.0348651928
1763952960389,2,10,0.030769876800000002
1763952960424,2,10,0.028872156399999998
1763952960458,2,10,0.031481385699999996
1763952960494,2,10,0.030323715
1763952960528,2,10,0.031973806199999996
1763952960564,2,10,0.031145047399999997
1763952960599,2,10,0.0304948195
1763952960636,2,10,0.0299881818
1763952960671,2,10,0.0302657928
1763952960705,2,10,0.0296677013
1763952960740,2,10,0.031013577
1763952960775,2,10,0.0313610977
1763952960810,2,10,0.0319947866
1763952960846,2,10,0.0303764745
1763952960881,2,10,0.029564767399999997
1763952960916,2,10,0.031246288100000002
1763952960951,2,10,0.031609268600000004
1763952960988,2,10,0.0322614492
1763952961023,2,10,0.030575588100000002
1763952961058,2,10,0.030319521600000003
1763952961093,2,10,0.0323233197
1763952961128,2,10,0.030051913
1763952961163,2,10,0.030638303
1763952961199,2,10,0.0329303999
1763952961236,2,10,0.0374327815
1763952961279,2,10,0.030601492600000002
1763952961316,2,10,0.029992640100000002
1763952961351,2,10,0.0318954174
1763952961386,2,10,0.0340745155
1763952961426,2,10,0.035510457200000005
1763952961465,2,10,0.035856082899999996
1763952961504,2,10,0.034002079
1763952961541,2,10,0.0311110985
1763952961576,2,10,0.031541741899999996
1763952961610,2,10,0.0325804384
1763952961646,2,10,0.0308655905
1763952961681,3,10,0.0324766925
1763952961717,3,10,0.0367645198
1763952961759,3,10,0.0350909909
1763952961800,3,10,0.0352621371
1763952961839,3,10,0.0315463475
1763952961874,3,10,0.031952161300000004
1763952961910,3,10,0.0304535005
1763952961946,3,10,0.031225533
1763952961981,3,10,0.0392395655
1763952962026,3,10,0.0344714109
1763952962062,3,10,0.0334566272
1763952962098,3,10,0.0317808923
1763952962133,3,10,0.0325660494
1763952962168,3,10,0.031698989600000005
1763952962204,3,10,0.0309275854
1763952962240,3,10,0.0311169433
1763952962276,3,10,0.0387615535
1763952962321,3,10,0.0319611706
1763952962357,3,10,0.0317922109
1763952962392,3,10,0.0318596257
1763952962428,3,10,0.0328182334
1763952962464,3,10,0.0319403378
1763952962499,3,10,0.0322294245
1763952962534,3,10,0.0326929999
1763952962569,3,10,0.0315868286
1763952962604,3,10,0.0316566048
1763952962640,3,10,0.0330524079
1763952962676,3,10,0.0307983912
1763952962712,3,10,0.0293747211
1763952962747,3,10,0.031979152600000005
1763952962782,3,10,0.031757133
1763952962817,3,10,0.0297896617
1763952962852,3,10,0.0323003804
1763952962889,3,10,0.0328671017
1763952962924,3,10,0.031036084399999997
1763952962959,3,10,0.0326007612
1763952962993,3,10,0.0327035003
1763952963029,3,10,0.032391761899999996
1763952963064,3,10,0.0322002556
1763952963101,3,10,0.034689450299999994
1763952963144,3,10,0.0327071856
1763952963180,3,10,0.0321354518
1763952963215,3,10,0.0327227213
1763952963251,3,10,0.0332793869
1763952963287,3,10,0.0325719392
1763952963324,3,10,0.0311531559
1763952963359,3,10,0.039579248899999996
1763952963402,3,10,0.0356678535
1763952963441,3,10,0.035940940899999996
1763952963483,3,10,0.037970379299999996
1763952963523,4,10,5.2308339338000005
1763952968773,4,10,5.1102002011000005
1763952973898,4,10,5.0807583154
1763952978994,4,10,5.092605272
1763952984108,4,10,4.957861492
1763952989085,4,10,5.0751667905
1763952994185,4,10,4.9408701958000005
1763952999137,4,10,4.7565532303
1763953003912,4,10,4.6173405535
1763953008544,4,10,4.6063006619
1763953013170,4,10,4.4603095781999995
1763953017645,4,10,3.4170950968000002
1763953021070,4,10,2.2819452701999996
1763953023359,4,10,1.2989456495
1763953024672,4,10,0.431670128
1763953025110,4,10,0.46061454160000004
1763953025574,4,10,0.4813941392
1763953026059,4,10,0.5097205962
1763953026572,4,10,0.5284429268
1763953027104,4,10,0.5577344385
1763953027665,4,10,0.5761814067000001
1763953028245,4,10,0.5925896612
1763953028843,4,10,0.6122000329
1763953029462,4,10,0.6513596645
1763953030119,4,10,0.6622333008
1763953030787,4,10,0.7242140107
1763953031518,4,10,0.7062256262000001
1763953032229,4,10,0.7106378057999999
1763953032944,4,10,0.7177246716
1763953033665,4,10,0.747950755
1763953034417,4,10,0.7709270828
1763953035193,4,10,0.8150830419
1763953036014,4,10,0.8247677203
1763953036846,4,10,0.8236508715
1763953037674,4,10,0.843254224
1763953038525,4,10,0.8897311297999999
1763953039420,4,10,0.899352889
1763953040323,4,10,0.9152862898999999
1763953041244,4,10,0.9016508274
1763953042156,4,10,0.9179295663
1763953043083,4,10,0.9391890776
1763953044026,4,10,0.9664387428
1763953044998,4,10,0.9365900455
1763953045942,4,10,0.9236197565
1763953046873,4,10,0.9555657192
1763953047835,4,10,0.9644743302000001
1763953048807,4,10,0.9925374998
1763953049804,4,10,1.0145588945
1763953050824,4,10,1.0444607076
1763953051873,4,10,1.0533870663
1763953052933,5,10,0.0648233725
1763953053003,5,10,0.0590777843
1763953053071,5,10,0.0636475224
1763953053138,5,10,0.0620041504
1763953053208,5,10,0.0610900731
1763953053276,5,10,0.0625120161
1763953053344,5,10,0.0634748062
1763953053413,5,10,0.061874737299999996
1763953053480,5,10,0.062224906600000005
1763953053548,5,10,0.0620142979
1763953053615,5,10,0.0624622492
1763953053683,5,10,0.0612164657
1763953053751,5,10,0.0607532447
1763953053819,5,10,0.0598777388
1763953053886,5,10,0.064240773
1763953053954,5,10,0.0642832527
1763953054021,5,10,0.0621061289
1763953054088,5,10,0.0633803984
1763953054155,5,10,0.0644090767
1763953054223,5,10,0.062471295600000004
1763953054289,5,10,0.0647221707
1763953054357,5,10,0.0642839785
1763953054424,5,10,0.0637051247
1763953054491,5,10,0.0632620693
1763953054557,5,10,0.0637959026
1763953054625,5,10,0.0624245285
1763953054692,5,10,0.0612168746
1763953054758,5,10,0.0642002448
1763953054828,5,10,0.063169947
1763953054894,5,10,0.062261073
1763953054961,5,10,0.0634477066
1763953055030,5,10,0.0624835943
1763953055097,5,10,0.0619813544
1763953055163,5,10,0.06504167620000001
1763953055231,5,10,0.060711549
1763953055297,5,10,0.063279742
1763953055365,5,10,0.0651398211
1763953055434,5,10,0.063529656
1763953055500,5,10,0.062319924799999996
1763953055567,5,10,0.0629448478
1763953055635,5,10,0.0635371926
1763953055704,5,10,0.061016334
1763953055770,5,10,0.0619374991
1763953055837,5,10,0.0647024058
1763953055906,5,10,0.0634866588
1763953055973,5,10,0.0635157031
1763953056043,5,10,0.0650139708
1763953056113,5,10,0.0622381905
1763953056180,5,10,0.0636416594
1763953056251,5,10,0.0655624433
1763953056321,6,10,0.1300507872
1763953056459,6,10,0.127811304
1763953056592,6,10,0.1302141995
1763953056727,6,10,0.1273918392
1763953056859,6,10,0.12904374659999998
1763953056993,6,10,0.1298805898
1763953057126,6,10,0.1340376904
1763953057267,6,10,0.1323953393
1763953057403,6,10,0.1303346049
1763953057537,6,10,0.1288421256
1763953057669,6,10,0.1286153135
1763953057801,6,10,0.1294459963
1763953057934,6,10,0.125486167
1763953058066,6,10,0.12868401370000002
1763953058198,6,10,0.128212729
1763953058330,6,10,0.1292290359
1763953058463,6,10,0.1293400591
1763953058596,6,10,0.12740526959999998
1763953058727,6,10,0.1286950497
1763953058859,6,10,0.1322573092
1763953058995,6,10,0.1301004403
1763953059129,6,10,0.1286119993
1763953059261,6,10,0.1297848446
1763953059394,6,10,0.127186619
1763953059524,6,10,0.1287496777
1763953059656,6,10,0.1277000143
1763953059788,6,10,0.1280515827
1763953059919,6,10,0.1286331979
1763953060052,6,10,0.1272175496
1763953060182,6,10,0.1276838979
1763953060314,6,10,0.1317257091
1763953060449,6,10,0.12697146
1763953060580,6,10,0.12822592929999999
1763953060713,6,10,0.1291535353
1763953060846,6,10,0.1279694716
1763953060977,6,10,0.1300771596
1763953061111,6,10,0.1301354672
1763953061245,6,10,0.1304010692
1763953061382,6,10,0.1297236524
1763953061515,6,10,0.128854528
1763953061648,6,10,0.1292286948
1763953061781,6,10,0.12862434920000002
1763953061913,6,10,0.1289927548
1763953062045,6,10,0.1321676505
1763953062181,6,10,0.1284129097
1763953062313,6,10,0.1282528988
1763953062445,6,10,0.1286300046
1763953062577,6,10,0.1274128594
1763953062709,6,10,0.1284193787
1763953062840,6,10,0.12874291259999998
1763953063071,1,15,0.028200300466666665
1763953063162,1,15,0.03172290106666666
1763953063205,1,15,0.03320225353333334
1763953063248,1,15,0.03222741526666666
1763953063290,1,15,0.035332029333333334
1763953063334,1,15,0.03619761293333333
1763953063378,1,15,0.034949902266666666
1763953063421,1,15,0.03512386666666666
1763953063463,1,15,0.03512966293333333
1763953063505,1,15,0.035813994333333335
1763953063548,1,15,0.0404350272
1763953063596,1,15,0.03911971213333333
1763953063642,1,15,0.0308946618
1763953063686,1,15,0.0366256172
1763953063729,1,15,0.03771996873333333
1763953063774,1,15,0.03547235013333333
1763953063816,1,15,0.03464114993333333
1763953063858,1,15,0.037018344466666665
1763953063902,1,15,0.03291651306666667
1763953063944,1,15,0.03510146073333333
1763953063987,1,15,0.03576225846666667
1763953064029,1,15,0.03553488653333333
1763953064072,1,15,0.035878799333333336
1763953064115,1,15,0.03595592726666667
1763953064158,1,15,0.0356556018
1763953064201,1,15,0.03722933846666667
1763953064246,1,15,0.0360448174
1763953064289,1,15,0.036446225666666665
1763953064333,1,15,0.0353515354
1763953064376,1,15,0.03678401793333333
1763953064418,1,15,0.036516016
1763953064460,1,15,0.03819671326666667
1763953064506,1,15,0.03748915706666667
1763953064551,1,15,0.037520330399999996
1763953064600,1,15,0.03707538513333333
1763953064644,1,15,0.0348252722
1763953064686,1,15,0.036880619333333337
1763953064728,1,15,0.04242115606666667
1763953064777,1,15,0.04086894953333333
1763953064823,1,15,0.04061
1763953064869,1,15,0.0407532752
1763953064917,1,15,0.040102908
1763953064964,1,15,0.0413355
1763953065011,1,15,0.040229582666666666
1763953065057,1,15,0.038132035466666665
1763953065100,1,15,0.0361842516
1763953065143,1,15,0.041397991
1763953065191,1,15,0.036943042466666666
1763953065235,1,15,0.0352146256
1763953065276,1,15,0.035532652
1763953065317,2,15,0.04743707693333333
1763953065370,2,15,0.04785544013333333
1763953065425,2,15,0.04820043546666667
1763953065478,2,15,0.04757999213333333
1763953065531,2,15,0.04705575766666666
1763953065586,2,15,0.0557788346
1763953065649,2,15,0.049387674666666666
1763953065704,2,15,0.045856517
1763953065757,2,15,0.04846582433333334
1763953065810,2,15,0.04837582373333334
1763953065865,2,15,0.04805440953333333
1763953065919,2,15,0.048587414866666664
1763953065972,2,15,0.04490488146666667
1763953066026,2,15,0.048739423
1763953066080,2,15,0.04742496993333333
1763953066133,2,15,0.04797778233333334
1763953066185,2,15,0.04633708206666667
1763953066239,2,15,0.0502910594
1763953066295,2,15,0.04769697986666667
1763953066350,2,15,0.0487376816
1763953066404,2,15,0.048680861
1763953066458,2,15,0.04914081666666666
1763953066513,2,15,0.0484410642
1763953066566,2,15,0.0484483286
1763953066620,2,15,0.04852625213333333
1763953066674,2,15,0.046938834533333335
1763953066727,2,15,0.04842176586666667
1763953066781,2,15,0.04671581853333333
1763953066835,2,15,0.04847228093333333
1763953066889,2,15,0.0479977752
1763953066942,2,15,0.0488898776
1763953066995,2,15,0.04754652806666667
1763953067049,2,15,0.04964729506666667
1763953067104,2,15,0.04848530573333333
1763953067158,2,15,0.04838226206666667
1763953067210,2,15,0.04873395406666667
1763953067263,2,15,0.050078978866666665
1763953067318,2,15,0.048293560799999996
1763953067371,2,15,0.04856210266666666
1763953067424,2,15,0.047306388799999995
1763953067478,2,15,0.049132566466666666
1763953067533,2,15,0.048031382666666664
1763953067586,2,15,0.04813414353333333
1763953067639,2,15,0.048293960266666665
1763953067693,2,15,0.0495888856
1763953067747,2,15,0.04796562013333333
1763953067801,2,15,0.048048754666666665
1763953067855,2,15,0.04795370746666667
1763953067908,2,15,0.0493026886
1763953067963,2,15,0.05005170153333333
1763953068018,3,15,0.04906102993333333
1763953068072,3,15,0.05044328186666667
1763953068128,3,15,0.04741488146666667
1763953068182,3,15,0.04796200393333333
1763953068236,3,15,0.04833071086666667
1763953068290,3,15,0.0552113058
1763953068348,3,15,0.05820357106666667
1763953068411,3,15,0.05344622266666666
1763953068471,3,15,0.0553616344
1763953068531,3,15,0.05520295733333334
1763953068591,3,15,0.053301546533333334
1763953068649,3,15,0.052857669733333335
1763953068708,3,15,0.053932273866666665
1763953068770,3,15,0.05136364893333333
1763953068826,3,15,0.048745139666666666
1763953068880,3,15,0.04953503073333333
1763953068935,3,15,0.050164577
1763953068990,3,15,0.0494199914
1763953069043,3,15,0.0513558666
1763953069100,3,15,0.04893945166666666
1763953069155,3,15,0.050870848733333335
1763953069210,3,15,0.04861861533333334
1763953069263,3,15,0.04785686533333334
1763953069317,3,15,0.05783811873333333
1763953069381,3,15,0.05521079733333334
1763953069441,3,15,0.05298043146666667
1763953069500,3,15,0.05416165593333333
1763953069560,3,15,0.054138403333333335
1763953069619,3,15,0.05341900833333334
1763953069677,3,15,0.05234455826666667
1763953069736,3,15,0.05508937393333333
1763953069796,3,15,0.0534918354
1763953069855,3,15,0.052837818200000004
1763953069913,3,15,0.053395145666666664
1763953069972,3,15,0.05398917553333333
1763953070031,3,15,0.05330572386666667
1763953070089,3,15,0.054692204
1763953070147,3,15,0.05337101553333333
1763953070207,3,15,0.05435177693333333
1763953070267,3,15,0.05408170826666667
1763953070326,3,15,0.055303858133333335
1763953070387,3,15,0.05523558966666666
1763953070447,3,15,0.0531520216
1763953070505,3,15,0.053311722799999996
1763953070565,3,15,0.05344702926666667
1763953070626,3,15,0.05232160273333333
1763953070684,3,15,0.05377780153333333
1763953070743,3,15,0.05448215533333334
1763953070803,3,15,0.05412075946666667
1763953070862,3,15,0.053064917866666665
1763953070921,4,15,11.797355708266666
1763953082806,4,15,11.879016512200002
1763953094760,4,15,11.541313149333334
1763953106383,4,15,10.681071644133333
1763953117152,4,15,9.064941311333333
1763953126277,4,15,4.486915548733333
1763953130797,4,15,0.6053864261333334
1763953131411,4,15,0.6116609014666667
1763953132032,4,15,0.6608250156000001
1763953132700,4,15,0.7193419487333333
1763953133426,4,15,0.7599411152666666
1763953134195,4,15,0.8131675182666667
1763953135014,4,15,0.8704384500666668
1763953135893,4,15,0.9146157308666667
1763953136815,4,15,0.9798265741333333
1763953137802,4,15,1.0184888974666666
1763953138828,4,15,1.0635391357333333
1763953139901,4,15,1.1368762010666666
1763953141047,4,15,1.1683189882
1763953142224,4,15,1.6745341945333334
1763953143906,4,15,2.6836552214666667
1763953146621,4,15,2.8178359679333336
1763953149460,4,15,1.5340769111333334
1763953151008,4,15,1.4179704431333335
1763953152436,4,15,1.4670542142666667
1763953153915,4,15,1.5035366924666667
1763953155435,4,15,1.5147208290666665
1763953156958,4,15,1.5537072105999998
1763953158522,4,15,1.6288412174666667
1763953160164,4,15,1.7013390724666666
1763953161879,4,15,1.7190618
1763953163617,4,15,1.8238806022666667
1763953165455,4,15,1.862564776
1763953167331,4,15,1.8654752302
1763953169209,4,15,1.9121551684
1763953171147,4,15,1.9477710961333334
1763953173108,4,15,1.9206350798666665
1763953175041,4,15,1.949754892
1763953177002,4,15,2.003777900733333
1763953179025,4,15,2.0715861367333335
1763953181110,4,15,2.1583148978000004
1763953183284,4,15,2.2723135385333335
1763953185575,4,15,2.2666652503333333
1763953187858,4,15,2.335127615
1763953190205,4,15,2.2734600961333333
1763953192490,4,15,2.1498944341999997
1763953194656,4,15,2.1514454481999996
1763953196819,4,15,2.0188844034666666
1763953198855,4,15,2.040607551
1763953200910,4,15,1.9260677427333333
1763953202856,5,15,0.09664012413333334
1763953202961,5,15,0.09730003886666666
1763953203064,5,15,0.0964711018
1763953203168,5,15,0.09532094486666666
1763953203273,5,15,0.09624345606666666
1763953203378,5,15,0.09449529706666666
1763953203481,5,15,0.09759325133333333
1763953203585,5,15,0.09411050566666668
1763953203688,5,15,0.09691225173333333
1763953203793,5,15,0.09736624786666666
1763953203902,5,15,0.09607062946666667
1763953204007,5,15,0.09349843433333332
1763953204109,5,15,0.0980463532
1763953204213,5,15,0.09574999213333334
1763953204315,5,15,0.09897003773333334
1763953204420,5,15,0.0951793684
1763953204522,5,15,0.09777912306666667
1763953204627,5,15,0.09699281579999999
1763953204731,5,15,0.09680030953333334
1763953204834,5,15,0.09622949366666667
1763953204936,5,15,0.0957837022
1763953205041,5,15,0.0967999136
1763953205145,5,15,0.10138317226666667
1763953205253,5,15,0.09424630986666666
1763953205357,5,15,0.09918119426666666
1763953205461,5,15,0.09655373193333333
1763953205565,5,15,0.09712514446666667
1763953205668,5,15,0.0982409006
1763953205771,5,15,0.0990393712
1763953205875,5,15,0.09669459693333333
1763953205979,5,15,0.0979368102
1763953206084,5,15,0.0983276222
1763953206187,5,15,0.098429811
1763953206290,5,15,0.097037688
1763953206395,5,15,0.09702884373333333
1763953206500,5,15,0.09495770120000001
1763953206601,5,15,0.09761830493333334
1763953206705,5,15,0.09602333
1763953206812,5,15,0.09851146873333333
1763953206917,5,15,0.0942587358
1763953207019,5,15,0.1007569368
1763953207127,5,15,0.09648777066666667
1763953207229,5,15,0.0989911764
1763953207335,5,15,0.09753249673333333
1763953207438,5,15,0.09804850386666666
1763953207541,5,15,0.09501081893333334
1763953207645,5,15,0.09922435546666666
1763953207751,5,15,0.09637275253333333
1763953207855,5,15,0.09764991773333334
1763953207960,5,15,0.0965021254
1763953208064,6,15,0.21107368780000002
1763953208281,6,15,0.1939258092666667
1763953208482,6,15,0.1934296582
1763953208683,6,15,0.1929771786
1763953208881,6,15,0.19335248626666668
1763953209081,6,15,0.19245540506666667
1763953209280,6,15,0.1941764597333333
1763953209480,6,15,0.1924074976
1763953209678,6,15,0.19353484126666667
1763953209877,6,15,0.19867707240000002
1763953210082,6,15,0.20386155853333332
1763953210291,6,15,0.19325498719999998
1763953210491,6,15,0.19498286
1763953210691,6,15,0.19299426733333333
1763953210890,6,15,0.19539123833333336
1763953211091,6,15,0.19277623433333335
1763953211290,6,15,0.1929304464
1763953211489,6,15,0.19305712
1763953211688,6,15,0.1941239262
1763953211887,6,15,0.19416261606666665
1763953212087,6,15,0.19579659066666666
1763953212288,6,15,0.19487244246666666
1763953212488,6,15,0.19245222073333332
1763953212687,6,15,0.19397804033333335
1763953212887,6,15,0.19276061046666668
1763953213085,6,15,0.19815224
1763953213289,6,15,0.19382280233333335
1763953213488,6,15,0.19332539080000002
1763953213688,6,15,0.19375233033333333
1763953213887,6,15,0.19228499833333335
1763953214085,6,15,0.1962284852
1763953214289,6,15,0.20830200213333333
1763953214504,6,15,0.20777015973333332
1763953214717,6,15,0.20743477453333334
1763953214930,6,15,0.20821292819999998
1763953215144,6,15,0.19976682913333332
1763953215348,6,15,0.19438963273333332
1763953215548,6,15,0.19299628626666668
1763953215747,6,15,0.19442251819999998
1763953215947,6,15,0.1931939166
1763953216145,6,15,0.19305350686666667
1763953216343,6,15,0.19392229446666667
1763953216543,6,15,0.192426259
1763953216741,6,15,0.193642148
1763953216940,6,15,0.1938402357333333
1763953217140,6,15,0.19329108246666668
1763953217339,6,15,0.19700795980000002
1763953217542,6,15,0.1935696452
1763953217741,6,15,0.1923238857333333
1763953217940,6,15,0.1935556202
1763953218243,1,20,0.035928211950000004
1763953218346,1,20,0.041199752
1763953218403,1,20,0.041736948200000006
1763953218461,1,20,0.0512452073
1763953218523,1,20,0.04748131735
1763953218581,1,20,0.047652217600000005
1763953218639,1,20,0.047612906850000004
1763953218702,1,20,0.048295251149999996
1763953218760,1,20,0.04695412745
1763953218818,1,20,0.04832040915
1763953218877,1,20,0.04891526315
1763953218935,1,20,0.04859073095
1763953218993,1,20,0.048032308200000005
1763953219051,1,20,0.0495377709
1763953219110,1,20,0.04879754245
1763953219169,1,20,0.04750475655
1763953219226,1,20,0.047243179200000006
1763953219283,1,20,0.0484724411
1763953219342,1,20,0.0465865351
1763953219400,1,20,0.048292419850000004
1763953219457,1,20,0.048560981850000004
1763953219515,1,20,0.05263172535
1763953219577,1,20,0.04752713385
1763953219634,1,20,0.0472328359
1763953219690,1,20,0.048633315850000004
1763953219748,1,20,0.04836441925
1763953219807,1,20,0.0476699961
1763953219864,1,20,0.04769169215
1763953219921,1,20,0.048064289450000006
1763953219979,1,20,0.0481441384
1763953220036,1,20,0.04734785485
1763953220092,1,20,0.04888358715
1763953220151,1,20,0.0507938121
1763953220210,1,20,0.048264666049999995
1763953220267,1,20,0.0469081639
1763953220324,1,20,0.04951854925
1763953220384,1,20,0.048957137049999995
1763953220444,1,20,0.0497400042
1763953220503,1,20,0.04699525375
1763953220561,1,20,0.0504340103
1763953220622,1,20,0.04744057135
1763953220678,1,20,0.0490701708
1763953220734,1,20,0.048767568649999996
1763953220791,1,20,0.05081501445
1763953220849,1,20,0.04888383215
1763953220907,1,20,0.04856538905
1763953220964,1,20,0.0506836181
1763953221022,1,20,0.051095616600000004
1763953221080,1,20,0.05032467945
1763953221138,1,20,0.0513834095
1763953221195,2,20,0.0628555418
1763953221268,2,20,0.0606200687
1763953221341,2,20,0.06449756
1763953221416,2,20,0.0652673562
1763953221488,2,20,0.06442800325
1763953221560,2,20,0.0660189638
1763953221633,2,20,0.06432399829999999
1763953221704,2,20,0.06356426664999999
1763953221777,2,20,0.06847287205
1763953221854,2,20,0.06305361075
1763953221926,2,20,0.06512752085
1763953221998,2,20,0.06832946035
1763953222075,2,20,0.06621471805
1763953222148,2,20,0.0650055291
1763953222220,2,20,0.0659090403
1763953222294,2,20,0.061882381
1763953222366,2,20,0.0658498753
1763953222438,2,20,0.0667491765
1763953222512,2,20,0.0679446045
1763953222590,2,20,0.06661240375
1763953222663,2,20,0.06492573385
1763953222736,2,20,0.064440051
1763953222807,2,20,0.0670316685
1763953222882,2,20,0.063686648
1763953222954,2,20,0.06494666075
1763953223026,2,20,0.0676969394
1763953223100,2,20,0.0631009016
1763953223170,2,20,0.06431840995
1763953223241,2,20,0.06326543
1763953223314,2,20,0.0628678956
1763953223385,2,20,0.063498575
1763953223456,2,20,0.06351202515
1763953223528,2,20,0.06494473015
1763953223599,2,20,0.06233007415
1763953223670,2,20,0.06247866615
1763953223741,2,20,0.06343572245000001
1763953223812,2,20,0.06258549405
1763953223884,2,20,0.0659162281
1763953223956,2,20,0.061253605200000005
1763953224026,2,20,0.0641171085
1763953224097,2,20,0.06548945135
1763953224169,2,20,0.0624877535
1763953224240,2,20,0.06439040855
1763953224312,2,20,0.0651208995
1763953224384,2,20,0.06465182455
1763953224455,2,20,0.06370949620000001
1763953224526,2,20,0.06376846305
1763953224598,2,20,0.0624228981
1763953224669,2,20,0.06362341345
1763953224739,2,20,0.0631684998
1763953224811,3,20,0.06360827235
1763953224881,3,20,0.0656005405
1763953224955,3,20,0.0640031578
1763953225027,3,20,0.06504334495
1763953225099,3,20,0.0665845711
1763953225173,3,20,0.0650754298
1763953225246,3,20,0.06115431725
1763953225317,3,20,0.06591677445
1763953225391,3,20,0.06446820805
1763953225462,3,20,0.06549625025
1763953225535,3,20,0.0641030413
1763953225608,3,20,0.0639462097
1763953225680,3,20,0.06516816675
1763953225752,3,20,0.0658034003
1763953225825,3,20,0.06419063655
1763953225897,3,20,0.0643298256
1763953225969,3,20,0.06616172795
1763953226043,3,20,0.063814933
1763953226114,3,20,0.0656839842
1763953226186,3,20,0.06669009370000001
1763953226259,3,20,0.0643915926
1763953226330,3,20,0.06535047125
1763953226403,3,20,0.06579022765
1763953226477,3,20,0.06224567975
1763953226549,3,20,0.0657032056
1763953226623,3,20,0.06305403115
1763953226695,3,20,0.0651703112
1763953226768,3,20,0.066772547
1763953226843,3,20,0.0629508791
1763953226915,3,20,0.06499958135
1763953226986,3,20,0.06629102185
1763953227060,3,20,0.0663904805
1763953227135,3,20,0.06283887825
1763953227207,3,20,0.0655301806
1763953227280,3,20,0.062222137200000006
1763953227351,3,20,0.06511043335
1763953227424,3,20,0.06715523745
1763953227497,3,20,0.06421457475
1763953227569,3,20,0.06406819925
1763953227642,3,20,0.06615724985
1763953227714,3,20,0.06797466205
1763953227789,3,20,0.0657698512
1763953227862,3,20,0.06498136245
1763953227934,3,20,0.0636289526
1763953228007,3,20,0.06724110925
1763953228082,3,20,0.0663813813
1763953228154,3,20,0.0633828614
1763953228226,3,20,0.06542765565
1763953228299,3,20,0.0641764271
1763953228371,3,20,0.0649006425
1763953228442,4,20,22.2034079175
1763953250946,4,20,21.017251884700002
1763953272288,4,20,13.78186974545
1763953286219,4,20,3.57994476735
1763953289872,4,20,1.38709788435
1763953291276,4,20,0.88286004215
1763953292175,4,20,0.9936796340499999
1763953293184,4,20,1.11487260735
1763953294310,4,20,1.1579430397000001
1763953295485,4,20,1.2502566003
1763953296756,4,20,1.3634755143
1763953298147,4,20,1.4582157108
1763953299640,4,20,1.574797633
1763953301244,4,20,1.67667481025
1763953302945,4,20,1.7728709008499999
1763953304752,4,20,1.9653859958
1763953306757,4,20,2.11657660375
1763953308915,4,20,2.21604854245
1763953311171,4,20,2.2303999290500003
1763953313440,4,20,2.2874173619000002
1763953315771,4,20,2.4354084845500004
1763953318249,4,20,2.5390244019
1763953320823,4,20,2.56280429865
1763953323418,4,20,2.71527336365
1763953326171,4,20,2.8624096809
1763953329078,4,20,2.9485083738
1763953332076,4,20,3.10950183385
1763953335238,4,20,2.9439513127
1763953338233,4,20,3.10746501765
1763953341418,4,20,3.17539316525
1763953344651,4,20,3.28384605505
1763953347999,4,20,3.2505108267
1763953351311,4,20,3.23559021325
1763953354619,4,20,3.01839179905
1763953357694,4,20,3.04807442135
1763953360787,4,20,2.73918785275
1763953363568,4,20,2.6796275578000004
1763953366296,4,20,2.70965923465
1763953369051,4,20,2.72365488685
1763953371827,4,20,2.63659978
1763953374517,4,20,2.6707851098
1763953377238,4,20,2.59009470255
1763953379873,4,20,2.5796713208499997
1763953382489,4,20,2.5996235979
1763953385153,4,20,2.5935548048
1763953387797,4,20,2.5806297937
1763953390411,4,20,2.5606530356999997
1763953393028,4,20,2.4683236729
1763953395547,4,20,2.5353388745
1763953398134,4,20,2.62049558915
1763953400804,5,20,0.13171911935
1763953400945,5,20,0.12862321505
1763953401085,5,20,0.13332894595
1763953401227,5,20,0.1283144963
1763953401367,5,20,0.1295891756
1763953401507,5,20,0.13066218505
1763953401647,5,20,0.1290736667
1763953401788,5,20,0.12993722465000002
1763953401928,5,20,0.13344582665000002
1763953402070,5,20,0.1324369628
1763953402211,5,20,0.129161042
1763953402349,5,20,0.12845479634999998
1763953402491,5,20,0.1321301597
1763953402631,5,20,0.13119218159999999
1763953402771,5,20,0.1308465263
1763953402914,5,20,0.13227030895
1763953403055,5,20,0.13114019670000002
1763953403194,5,20,0.13276599715
1763953403334,5,20,0.13297571835
1763953403476,5,20,0.1304393347
1763953403616,5,20,0.13260499795
1763953403757,5,20,0.13231900545
1763953403898,5,20,0.13104992985
1763953404038,5,20,0.1324165711
1763953404180,5,20,0.13124365815
1763953404322,5,20,0.1326249368
1763953404464,5,20,0.13172324595
1763953404604,5,20,0.1341415589
1763953404746,5,20,0.1371889994
1763953404890,5,20,0.13215011855
1763953405030,5,20,0.1312819582
1763953405173,5,20,0.1317835601
1763953405314,5,20,0.13128025029999998
1763953405454,5,20,0.13181259115000002
1763953405594,5,20,0.1314093126
1763953405734,5,20,0.13065345045
1763953405874,5,20,0.13009041815
1763953406013,5,20,0.12845041745
1763953406153,5,20,0.1283987513
1763953406292,5,20,0.13283695034999998
1763953406433,5,20,0.1308005182
1763953406572,5,20,0.12783241709999998
1763953406710,5,20,0.12984058845000002
1763953406849,5,20,0.13185596145
1763953406990,5,20,0.1308263888
1763953407130,5,20,0.13006057865
1763953407272,5,20,0.1315927078
1763953407412,5,20,0.1317113418
1763953407553,5,20,0.1335255422
1763953407696,5,20,0.1325880169
1763953407840,6,20,0.35110606385000004
1763953408206,6,20,0.26202172344999997
1763953408477,6,20,0.2607582138
1763953408746,6,20,0.26188956035
1763953409016,6,20,0.26176142825
1763953409286,6,20,0.26032860295
1763953409555,6,20,0.26604960985
1763953409829,6,20,0.2647943205
1763953410102,6,20,0.26160364765
1763953410372,6,20,0.26447877115
1763953410645,6,20,0.2649047939
1763953410919,6,20,0.2638105503
1763953411191,6,20,0.26328712719999997
1763953411464,6,20,0.26404071055
1763953411736,6,20,0.26406731955
1763953412008,6,20,0.2624378539
1763953412279,6,20,0.26392269230000004
1763953412551,6,20,0.26372835745
1763953412822,6,20,0.26836224135
1763953413099,6,20,0.27317896965
1763953413380,6,20,0.28090843955
1763953413669,6,20,0.2712873221
1763953413948,6,20,0.2711387485
1763953414227,6,20,0.2728147496
1763953414508,6,20,0.27285957875
1763953414788,6,20,0.2729506665
1763953415071,6,20,0.27030510085000004
1763953415349,6,20,0.2752506505
1763953415632,6,20,0.27558155014999997
1763953415916,6,20,0.2705357698
1763953416194,6,20,0.28612735489999996
1763953416489,6,20,0.271211824
1763953416770,6,20,0.27246570535000003
1763953417050,6,20,0.27071731325
1763953417329,6,20,0.27054697580000003
1763953417607,6,20,0.27089520555
1763953417886,6,20,0.27062060764999996
1763953418165,6,20,0.27511230855
1763953418449,6,20,0.27171491955
1763953418728,6,20,0.2700323396
1763953419006,6,20,0.27077342335000004
1763953419285,6,20,0.27204457639999996
1763953419565,6,20,0.2824432293
1763953419850,6,20,0.2893182084
1763953420150,6,20,0.28752656964999995
1763953420446,6,20,0.28892744530000003
1763953420744,6,20,0.2855187648
1763953421038,6,20,0.27620137985000004
1763953421322,6,20,0.27184166005
1763953421603,6,20,0.27200540245
1763953421990,1,25,0.045889175399999996
1763953422110,1,25,0.057503137200000005
1763953422187,1,25,0.05791709284
1763953422263,1,25,0.06103733488
1763953422340,1,25,0.06243628236
1763953422418,1,25,0.0602852346
1763953422493,1,25,0.06323425671999999
1763953422575,1,25,0.06216286564
1763953422650,1,25,0.0643229766
1763953422726,1,25,0.06306836724
1763953422801,1,25,0.06325373115999999
1763953422878,1,25,0.06086924168
1763953422952,1,25,0.06341567512
1763953423029,1,25,0.06128748915999999
1763953423104,1,25,0.06306956947999999
1763953423180,1,25,0.0581058498
1763953423255,1,25,0.0639061834
1763953423331,1,25,0.061131626200000004
1763953423407,1,25,0.0638368366
1763953423483,1,25,0.06302002416
1763953423558,1,25,0.06265261192
1763953423633,1,25,0.06172474368
1763953423708,1,25,0.06345889108
1763953423783,1,25,0.061480145560000005
1763953423858,1,25,0.06206785536
1763953423934,1,25,0.0636298922
1763953424011,1,25,0.06263828576
1763953424088,1,25,0.061698569200000004
1763953424163,1,25,0.06337774496
1763953424238,1,25,0.061602256159999993
1763953424312,1,25,0.06397698416
1763953424389,1,25,0.06367383772
1763953424465,1,25,0.063772197
1763953424542,1,25,0.0635960452
1763953424619,1,25,0.06355935384
1763953424695,1,25,0.06080192372
1763953424770,1,25,0.06319627216
1763953424847,1,25,0.0625396174
1763953424921,1,25,0.06668128896
1763953425000,1,25,0.06294662628
1763953425075,1,25,0.06327841276
1763953425151,1,25,0.06258872356
1763953425227,1,25,0.06486544179999999
1763953425303,1,25,0.059727726200000004
1763953425377,1,25,0.06117957384
1763953425452,1,25,0.06380475352000001
1763953425525,1,25,0.06199796648
1763953425601,1,25,0.06345519104
1763953425676,1,25,0.06213683768
1763953425749,1,25,0.06479448424
1763953425822,2,25,0.0867157398
1763953425918,2,25,0.08222189644
1763953426012,2,25,0.08463240236
1763953426107,2,25,0.08397661031999999
1763953426200,2,25,0.08408472888
1763953426294,2,25,0.0836270008
1763953426388,2,25,0.077796505
1763953426483,2,25,0.08457260379999999
1763953426578,2,25,0.08865347
1763953426678,2,25,0.08386049068000001
1763953426773,2,25,0.08217473504
1763953426865,2,25,0.08570991472
1763953426960,2,25,0.08417748784000001
1763953427055,2,25,0.08653104959999999
1763953427150,2,25,0.08349655423999999
1763953427244,2,25,0.08355069972
1763953427339,2,25,0.08429816972
1763953427435,2,25,0.0851769762
1763953427530,2,25,0.086481985
1763953427626,2,25,0.08476088495999999
1763953427721,2,25,0.08288461648
1763953427816,2,25,0.0846915684
1763953427912,2,25,0.08544919012
1763953428008,2,25,0.086124423
1763953428106,2,25,0.08599258256
1763953428203,2,25,0.08368943964
1763953428297,2,25,0.08586074996
1763953428394,2,25,0.08118512948
1763953428489,2,25,0.08522590104000001
1763953428586,2,25,0.08382079792
1763953428678,2,25,0.08370061188
1763953428773,2,25,0.08486362656
1763953428866,2,25,0.08476359636
1763953428961,2,25,0.083360349
1763953429055,2,25,0.08450238407999999
1763953429148,2,25,0.08495457044
1763953429244,2,25,0.08280992256
1763953429338,2,25,0.0845229426
1763953429433,2,25,0.08463872412000001
1763953429526,2,25,0.08506996968000001
1763953429620,2,25,0.08673508876000001
1763953429716,2,25,0.08447842072
1763953429810,2,25,0.08459635643999999
1763953429904,2,25,0.083259893
1763953429997,2,25,0.08499467188
1763953430093,2,25,0.08310169104000001
1763953430185,2,25,0.08375770584
1763953430279,2,25,0.081530826
1763953430372,2,25,0.08414463732
1763953430468,2,25,0.08184400572
1763953430561,3,25,0.08490008044
1763953430655,3,25,0.08401779948
1763953430750,3,25,0.083728573
1763953430847,3,25,0.08729651631999999
1763953430943,3,25,0.08437917324
1763953431038,3,25,0.08652961076
1763953431134,3,25,0.08455844356
1763953431230,3,25,0.0813486378
1763953431325,3,25,0.08208675232
1763953431421,3,25,0.08698086951999999
1763953431517,3,25,0.08745941228
1763953431614,3,25,0.08554741284
1763953431710,3,25,0.08450010676
1763953431804,3,25,0.0884847748
1763953431903,3,25,0.08534053895999999
1763953431998,3,25,0.0851856024
1763953432093,3,25,0.08604060388
1763953432188,3,25,0.087093044
1763953432283,3,25,0.08648723576
1763953432379,3,25,0.08417360592
1763953432474,3,25,0.08655903584
1763953432570,3,25,0.08505423984
1763953432665,3,25,0.0875736542
1763953432762,3,25,0.08485126136
1763953432856,3,25,0.08474989448
1763953432952,3,25,0.08550636224
1763953433049,3,25,0.08459807872
1763953433144,3,25,0.08450283523999999
1763953433243,3,25,0.08440393092
1763953433338,3,25,0.08587524092
1763953433435,3,25,0.08566684324
1763953433530,3,25,0.07647115988
1763953433625,3,25,0.08515396852
1763953433719,3,25,0.0875654064
1763953433815,3,25,0.08436163015999999
1763953433910,3,25,0.08690010996
1763953434007,3,25,0.08380987495999999
1763953434101,3,25,0.08502272788
1763953434196,3,25,0.08518607204
1763953434291,3,25,0.08263183912000001
1763953434385,3,25,0.08629968896
1763953434481,3,25,0.08562345472
1763953434576,3,25,0.08648353432
1763953434671,3,25,0.07816103916
1763953434766,3,25,0.08944598088
1763953434865,3,25,0.08429706476000001
1763953434960,3,25,0.08666014768000001
1763953435056,3,25,0.08423220551999999
1763953435150,3,25,0.0872930868
1763953435248,3,25,0.082485642
1763953435341,4,25,36.51434462708
1763953473131,4,25,20.281201414
1763953493642,4,25,2.41004739624
1763953496094,4,25,1.03844475376
1763953497166,4,25,1.25132901572
1763953498451,4,25,1.43673920248
1763953499935,4,25,1.65077759392
1763953501635,4,25,1.83687846104
1763953503525,4,25,2.06616229068
1763953505642,4,25,2.25063795552
1763953507964,4,25,2.4298470281199998
1763953510482,4,25,2.66087709
1763953513220,4,25,2.7968346057600004
1763953516101,4,25,2.99538790752
1763953519203,4,25,3.22820417168
1763953522512,4,25,3.2400827862
1763953525848,4,25,3.33867044148
1763953529313,4,25,3.58958907376
1763953533019,4,25,3.7822800742399996
1763953536942,4,25,3.9987873964
1763953541056,4,25,3.9713627574
1763953545183,4,25,4.1660987454
1763953549500,4,25,4.35443069084
1763953554011,4,25,4.3517183075200006
1763953558509,4,25,4.20563809904
1763953562835,4,25,3.85947766956
1763953566806,4,25,3.6584564085599998
1763953570595,4,25,3.5300428592800004
1763953574246,4,25,4.02685411716
1763953578342,4,25,4.634148010640001
1763953583009,4,25,4.55980552852
1763953587607,4,25,4.573046729520001
1763953592205,4,25,4.46695794388
1763953596695,4,25,3.8701120938
1763953600614,4,25,3.71776922384
1763953604387,4,25,4.0100123419600004
1763953608448,4,25,4.03185211024
1763953612525,4,25,4.15494842584
1763953616714,4,25,4.1434324154
1763953620901,4,25,4.43981411212
1763953625379,4,25,4.5038599508
1763953629911,4,25,4.406569724560001
1763953634342,4,25,4.35303530776
1763953638719,4,25,4.34847189064
1763953643099,4,25,4.514063375479999
1763953647651,4,25,4.56346523192
1763953652242,4,25,4.46739383312
1763953656738,4,25,4.48333797728
1763953661249,4,25,4.383797836279999
1763953665676,4,25,4.4390005207600005
1763953670146,5,25,0.181212513
1763953670340,5,25,0.1820123302
1763953670536,5,25,0.17977318303999998
1763953670729,5,25,0.17930100419999997
1763953670922,5,25,0.18527013796
1763953671122,5,25,0.18791011676
1763953671324,5,25,0.18813207468
1763953671526,5,25,0.19580864596
1763953671739,5,25,0.18239573132
1763953671932,5,25,0.18555725363999998
1763953672129,5,25,0.18135312272
1763953672328,5,25,0.18270954163999997
1763953672522,5,25,0.17724268808000002
1763953672712,5,25,0.17574359475999998
1763953672898,5,25,0.17745981672
1763953673088,5,25,0.17760227584
1763953673278,5,25,0.16880060984
1763953673467,5,25,0.17753185944
1763953673656,5,25,0.17600343276
1763953673843,5,25,0.17706219356
1763953674032,5,25,0.17642608376
1763953674221,5,25,0.18227419932
1763953674416,5,25,0.177662483
1763953674605,5,25,0.17696859824
1763953674793,5,25,0.17882592175999998
1763953674983,5,25,0.17929605048
1763953675175,5,25,0.18009177608000002
1763953675370,5,25,0.17980019232
1763953675562,5,25,0.17514380740000002
1763953675753,5,25,0.179267124
1763953675943,5,25,0.17634970164
1763953676130,5,25,0.17426391768000002
1763953676318,5,25,0.1799363528
1763953676508,5,25,0.1832748828
1763953676705,5,25,0.18415730728
1763953676902,5,25,0.17852701656
1763953677094,5,25,0.17645357128
1763953677284,5,25,0.17555588084
1763953677474,5,25,0.18019470156
1763953677667,5,25,0.17899389956
1763953677856,5,25,0.17695737424000002
1763953678046,5,25,0.1769132322
1763953678235,5,25,0.177956966
1763953678423,5,25,0.17759658103999998
1763953678612,5,25,0.17366753540000002
1763953678796,5,25,0.17824068036000001
1763953678989,5,25,0.17530920028
1763953679176,5,25,0.16821670387999998
1763953679363,5,25,0.17717166068
1763953679553,5,25,0.18531982364
1763953679750,6,25,0.36952592104000004
1763953680131,6,25,0.35605517127999997
1763953680504,6,25,0.35034271824
1763953680865,6,25,0.36192629107999996
1763953681241,6,25,0.34760019548000004
1763953681600,6,25,0.35043673604000003
1763953681963,6,25,0.3377982268
1763953682321,6,25,0.35607611883999996
1763953682690,6,25,0.35214342783999997
1763953683056,6,25,0.3554128038
1763953683424,6,25,0.36038686628
1763953683796,6,25,0.35059939164
1763953684160,6,25,0.35609246732
1763953684529,6,25,0.34684038176
1763953684886,6,25,0.34820230956
1763953685244,6,25,0.35021177824
1763953685607,6,25,0.35929297832
1763953685984,6,25,0.3549354468
1763953686346,6,25,0.34358559136
1763953686702,6,25,0.34409392236
1763953687057,6,25,0.35364453136
1763953687423,6,25,0.34963355536
1763953687782,6,25,0.34800674
1763953688142,6,25,0.35241260304
1763953688506,6,25,0.3451118312
1763953688862,6,25,0.34171713724
1763953689215,6,25,0.34018573032
1763953689566,6,25,0.33929205504000004
1763953689915,6,25,0.3414664842
1763953690267,6,25,0.33771174319999997
1763953690616,6,25,0.33721989076
1763953690962,6,25,0.33689313660000003
1763953691310,6,25,0.33773193004
1763953691658,6,25,0.33696898016000004
1763953692006,6,25,0.34275933768
1763953692359,6,25,0.33781807344
1763953692707,6,25,0.33729466432
1763953693056,6,25,0.34130806916
1763953693407,6,25,0.34845952016000004
1763953693760,6,25,0.33661590516
1763953694107,6,25,0.3383261992
1763953694456,6,25,0.33609682475999997
1763953694802,6,25,0.33898905992
1763953695152,6,25,0.33853297704
1763953695501,6,25,0.3367502042
1763953695848,6,25,0.33800590204000003
1763953696197,6,25,0.33789329168
1763953696545,6,25,0.33776661116
1763953696892,6,25,0.33951493752
1763953697242,6,25,0.33927250516
1763953697702,1,100,0.12841707876
1763953698878,1,100,0.16524639879
1763953699947,1,100,0.25863784567
1763953700313,1,100,0.28137880996
1763953700702,1,100,0.34961186594
1763953701125,1,100,0.39557727188999997
1763953701580,1,100,0.3783204551
1763953702027,1,100,0.32689193083
1763953702460,1,100,0.33457730292000004
1763953702900,1,100,0.36759120533
1763953703343,1,100,0.33923877017000004
1763953703783,1,100,0.32983682251
1763953704217,1,100,0.3480264966
1763953704660,1,100,0.40605655436
1763953705097,1,100,0.32833020455
1763953705529,1,100,0.34139792357
1763953705958,1,100,0.34637616282
1763953706399,1,100,0.41632016148
1763953706841,1,100,0.39441377927
1763953707342,1,100,0.33566275449
1763953707776,1,100,0.38127181057
1763953708216,1,100,0.34852774861
1763953708658,1,100,0.34457384781
1763953709101,1,100,0.41621566032
1763953709534,1,100,0.34588176879000004
1763953709976,1,100,0.40836950194
1763953710419,1,100,0.34079841082
1763953710856,1,100,0.35146670463
1763953711301,1,100,0.39893771808
1763953711751,1,100,0.46167736025
1763953712304,1,100,0.3384065342
1763953712746,1,100,0.358907081
1763953713178,1,100,0.34346146362
1763953713617,1,100,0.30302839635
1763953714644,1,100,0.31755221086
1763953715660,1,100,0.34763693381
1763953716095,1,100,0.34919547785000005
1763953716539,1,100,0.31100468251999996
1763953717586,1,100,0.3490350568
1763953718022,1,100,0.29033135913999997
1763953719066,1,100,0.33649273398
1763953719494,1,100,0.32798653064
1763953719918,1,100,0.33612073298
1763953720343,1,100,0.34567250056
1763953720783,1,100,0.18084266991999998
1763953721888,1,100,0.33286623572
1763953722313,1,100,0.32282300862
1763953722739,1,100,0.32485936724000003
1763953723163,1,100,0.34025890548000004
1763953723590,1,100,0.34250071211
1763953724018,2,100,0.43007778222000004
1763953724540,2,100,0.4097678638
1763953725057,2,100,0.435747192
1763953725588,2,100,0.49861416339
1763953726111,2,100,0.43307073979000005
1763953726640,2,100,0.43973246163999996
1763953727164,2,100,0.43902235649
1763953727688,2,100,0.42948507462
1763953728201,2,100,0.42607501316
1763953728723,2,100,0.48109775632
1763953729232,2,100,0.42304589278
1763953729740,2,100,0.41400253243
1763953730247,2,100,0.42112691669
1763953730764,2,100,0.42866537517000003
1763953731283,2,100,0.54878031602
1763953731852,2,100,0.41731777352
1763953732359,2,100,0.43821716392000004
1763953732883,2,100,0.43350358036000003
1763953733400,2,100,0.50834291177
1763953733938,2,100,0.4205190284
1763953734447,2,100,0.42294906551
1763953734952,2,100,0.42914949985
1763953735464,2,100,0.49320949335000003
1763953735980,2,100,0.40094412767000004
1763953736490,2,100,0.41626672974
1763953737000,2,100,0.41728365826999997
1763953737508,2,100,0.48707023474
1763953738020,2,100,0.42964430922
1763953738541,2,100,0.43440825088999996
1763953739064,2,100,0.42253046533
1763953739578,2,100,0.49274568139999997
1763953740088,2,100,0.42772435437
1763953740600,2,100,0.42489582222000005
1763953741116,2,100,0.44153771531
1763953741645,2,100,0.5176393511
1763953742184,2,100,0.43257493801999997
1763953742709,2,100,0.42384208626
1763953743228,2,100,0.41689472032999997
1763953743746,2,100,0.49708007396
1763953744269,2,100,0.42515528714
1763953744786,2,100,0.42252443909
1763953745299,2,100,0.4234716115
1763953745815,2,100,0.48767146451
1763953746326,2,100,0.43605454585000003
1763953746840,2,100,0.40928144555
1763953747915,2,100,0.41264682292
1763953748422,2,100,0.47871276731
1763953749451,2,100,0.40879811256
1763953749963,2,100,0.37683284057
1763953751005,2,100,0.37689967080000003
1763953752118,3,100,0.43113370345999996
1763953752632,3,100,0.43589344907
1763953753152,3,100,0.44552970127999997
1763953753671,3,100,0.49492857652
1763953754186,3,100,0.42221009679000004
1763953754699,3,100,0.42263023638999997
1763953755211,3,100,0.42225885827
1763953755719,3,100,0.41059483022000004
1763953756239,3,100,0.49207927361000003
1763953756761,3,100,0.43073874378
1763953757277,3,100,0.38116725444
1763953758360,3,100,0.4247012208
1763953758869,3,100,0.41270443399
1763953759384,3,100,0.41789404994
1763953759897,3,100,0.43441650432
1763953760418,3,100,0.43711389291
1763953760942,3,100,0.36579542988999997
1763953761403,3,100,0.41407759269
1763953761919,3,100,0.44411434663
1763953762443,3,100,0.42537925967
1763953762958,3,100,0.42637890194
1763953763477,3,100,0.41117945791000005
1763953763990,3,100,0.42284063492
1763953764503,3,100,0.43164634910000005
1763953765017,3,100,0.3129331599
1763953766139,3,100,0.41499468067
1763953766652,3,100,0.34304659411
1763953767719,3,100,0.32472821814999997
1763953768818,3,100,0.41300481999
1763953769337,3,100,0.21598052175
1763953770505,3,100,0.41920703572
1763953771011,3,100,0.39540515706
1763953772050,3,100,0.42669542717000003
1763953772569,3,100,0.52953712067
1763953773105,3,100,0.42735599837
1763953773620,3,100,0.50771855341
1763953774138,3,100,0.4246145753
1763953774650,3,100,0.39986507095999996
1763953775698,3,100,0.5098788156499999
1763953776222,3,100,0.41389637371
1763953776729,3,100,0.4456216868
1763953777816,3,100,0.41093108677999995
1763953778322,3,100,0.42489178606
1763953778832,3,100,0.49186076666
1763953779340,3,100,0.43752203142
1763953779852,3,100,0.39198232062
1763953780881,3,100,0.49654971572
1763953781396,3,100,0.43164230188999997
1763953781910,3,100,0.44199456746
1763953782443,3,100,0.31053276612
1763953783572,4,100,64.16806017049
1763953847864,4,100,10.788939142290001
1763953858687,4,100,15.8432281069
1763953874619,4,100,20.34127939947
1763953895054,4,100,23.74784555788
1763953918845,4,100,21.84075916095
1763953940760,4,100,20.94547643751
1763953961784,4,100,19.839300906029997
1763953981706,4,100,21.37631148748
1763954003165,4,100,22.077592061540003
1763954025316,4,100,21.30829228219
1763954046732,4,100,21.30714716803
1763954068096,4,100,20.14991996063
1763954088304,4,100,20.9071818623
1763954109296,4,100,21.9729761041
1763954131308,4,100,20.950079790580002
1763954152497,4,100,21.22666776561
1763954173812,4,100,21.62872808283
1763954195514,4,100,21.89195523386
1763954217502,4,100,21.178045399
1763954238776,4,100,21.694461751040002
1763954260559,4,100,21.44388052143
1763954282084,4,100,21.21974823381
1763954303407,4,100,21.12400586571
1763954324583,4,100,21.41344797698
1763954346068,4,100,20.86284099377
1763954367082,4,100,21.20446442226
1763954388325,4,100,21.424164334700002
1763954409827,4,100,21.38936765415
1763954431312,4,100,21.43318362395
1763954452857,4,100,21.12452848075
1763954474078,4,100,22.066602180380002
1763954496173,4,100,21.67553008993
1763954517912,4,100,21.14024671152
1763954539133,4,100,20.25068599761
1763954559473,4,100,21.63434269503
1763954581184,4,100,21.218660392049998
1763954602607,4,100,20.9871154615
1763954623680,4,100,20.982780491950002
1763954644754,4,100,22.00095232746
1763954666850,4,100,21.355347121290002
1763954688231,4,100,21.20559416707
1763954709517,4,100,21.2034974044
1763954730804,4,100,19.95509721654
1763954751341,4,100,20.56161085527
1763954771954,4,100,20.88187118287
1763954792937,4,100,22.192590319
1763954815217,4,100,21.045063982669998
1763954836346,4,100,20.57691671352
1763954857009,4,100,21.455267285580003
1763954878500,5,100,0.7716210127
1763954879416,5,100,0.80552230065
1763954880354,5,100,0.79792098375
1763954881277,5,100,0.80985361743
1763954882212,5,100,0.7943319990700001
1763954883131,5,100,0.79009251676
1763954884059,5,100,0.8010705485499999
1763954884983,5,100,0.80464244567
1763954885912,5,100,0.66404728106
1763954887008,5,100,0.7927402433899999
1763954887924,5,100,0.9055594820499999
1763954888850,5,100,0.73228586434
1763954889890,5,100,0.78608004165
1763954890798,5,100,0.79484338982
1763954891713,5,100,0.7973153735299999
1763954892632,5,100,0.79013454952
1763954893538,5,100,0.78917036057
1763954894446,5,100,0.7600299525499999
1763954895343,5,100,0.7566751152000001
1763954896243,5,100,0.78551638879
1763954897152,5,100,0.74587442303
1763954898196,5,100,0.79045317413
1763954899108,5,100,0.80444060879
1763954900033,5,100,0.79424485243
1763954900953,5,100,0.72173613112
1763954902064,5,100,0.8020561672300001
1763954902986,5,100,0.7544093057100001
1763954904027,5,100,0.79541784883
1763954904944,5,100,0.79377941427
1763954905861,5,100,0.73023155853
1763954906914,5,100,0.78724719058
1763954907829,5,100,0.78040252322
1763954908746,5,100,0.7985849456699999
1763954909665,5,100,0.78535306401
1763954910579,5,100,0.65655006674
1763954911686,5,100,0.75434815922
1763954912579,5,100,0.8042045982999999
1763954913500,5,100,0.79407836597
1763954914414,5,100,0.79313303645
1763954915333,5,100,0.77505594151
1763954916247,5,100,0.9182127388200001
1763954917180,5,100,0.78926991824
1763954918093,5,100,0.80408871898
1763954919019,5,100,0.76340878375
1763954920085,5,100,0.7963960857000001
1763954921004,5,100,0.79134647646
1763954921920,5,100,0.79087841297
1763954922838,5,100,0.7908027062899999
1763954923750,5,100,0.7906308793300001
1763954924664,5,100,0.78233718277
1763954925572,6,100,1.70988333781
1763954927374,6,100,1.77560955333
1763954929167,6,100,1.70048320546
1763954930964,6,100,1.42121410992
1763954932676,6,100,1.77012533968
1763954934463,6,100,1.70158931359
1763954936254,6,100,1.6959285678
1763954938039,6,100,1.31873847563
1763954939693,6,100,1.7102275659300001
1763954941497,6,100,1.68926447381
1763954943275,6,100,1.75290951294
1763954945053,6,100,1.6723508625799999
1763954946832,6,100,1.6863155813800002
1763954948608,6,100,1.78661418787
1763954950414,6,100,1.65747831051
1763954952165,6,100,1.69511903949
1763954953951,6,100,1.760024138
1763954955727,6,100,1.69101863859
1763954957509,6,100,1.65425325877
1763954959291,6,100,1.77066894825
1763954961079,6,100,1.69212746158
1763954962858,6,100,1.71012404205
1763954964659,6,100,1.69519720942
1763954966447,6,100,1.6915534905
1763954968224,6,100,1.69600375051
1763954970011,6,100,1.71327957713
1763954971826,6,100,1.69714273394
1763954973619,6,100,1.6940442069000001
1763954975394,6,100,1.4616005343
1763954977096,6,100,1.39757310661
1763954978793,6,100,1.7614690603699998
1763954980572,6,100,1.75420550678
1763954982344,6,100,1.76363913401
1763954984126,6,100,1.76432443122
1763954985906,6,100,1.7768583187
1763954987708,6,100,1.7933921186500001
1763954989518,6,100,1.8285998914600001
1763954991362,6,100,1.80497229128
1763954993185,6,100,1.7341965514000002
1763954995009,6,100,1.73698332026
1763954996836,6,100,1.71061165285
1763954998653,6,100,1.7362492762200001
1763955000478,6,100,1.7355120765699998
1763955002305,6,100,1.7223807440399999
1763955004120,6,100,1.73550079885
1763955005942,6,100,1.73004516771
1763955007751,6,100,1.35465267624
1763955009422,6,100,1.79584605522
1763955011236,6,100,1.75888055812
1763955013024,6,100,1.80528163274
